{
  "856053725": [
    {
      "device_type": "Android",
      "config_data": "\n# VPN Configuration for Android\nserver = vpn.example.com\nport = 1194\nprotocol = udp\ncipher = AES-256-GCM\nauth = SHA512\n# Additional configuration parameters would go here\n"
    },
    {
      "device_type": "MacOS",
      "config_data": "\n# VPN Configuration for MacOS\nserver = vpn.example.com\nport = 1194\nprotocol = udp\ncipher = AES-256-GCM\nauth = SHA512\n# Additional configuration parameters would go here\n"
    }
  ]
}